,City,Latitude,Longitude,Max Temp,Humidity,Cloudiness,Wind Speed,Country,Date
0,Baykit,61.67,96.37,21.0,94,100,6.96,RU,1606064507
1,Grindavik,63.84,-22.43,33.8,73,75,5.82,IS,1606064509
2,Bredasdorp,-34.53,20.04,66.2,68,92,8.05,ZA,1606064510
3,Ust-Maya,60.42,134.53,-7.31,91,100,3.13,RU,1606064512
4,Charters Towers,-20.1,146.27,67.37,89,0,4.43,AU,1606064516
5,Kapaa,22.08,-159.32,78.8,83,90,23.04,US,1606064518
6,Ushuaia,-54.8,-68.3,60.8,36,40,24.16,AR,1606064400
7,Saskylakh,71.92,114.08,8.76,93,100,12.93,RU,1606064522
8,Hithadhoo,-0.6,73.08,82.2,77,85,9.08,MV,1606064523
9,Busselton,-33.65,115.33,64.0,67,73,8.5,AU,1606064525
10,Itoman,26.12,127.67,75.2,78,75,8.05,JP,1606064526
11,Aksu,41.12,80.26,25.29,69,89,4.16,CN,1606064529
12,Ukiah,39.15,-123.21,48.99,86,1,1.07,US,1606064531
13,Dingle,11.0,122.67,75.51,88,14,8.48,PH,1606064532
14,Mataura,-46.19,168.86,41.0,94,87,1.01,NZ,1606064534
15,Najrān,17.49,44.13,71.6,28,0,4.7,SA,1606064535
16,Udachny,66.42,112.4,14.0,85,90,8.95,RU,1606064537
17,Río Gallegos,-51.62,-69.22,69.8,29,75,14.99,AR,1606064538
18,Rikitea,-23.12,-134.97,74.25,73,81,10.04,PF,1606064541
19,Iqaluit,63.75,-68.51,19.4,62,75,6.93,CA,1606064413
20,Omboué,-1.57,9.26,77.0,92,97,7.05,GA,1606064545
21,Ngunguru,-35.62,174.5,48.99,92,77,3.0,NZ,1606064547
22,Hilo,19.73,-155.09,75.2,88,90,12.75,US,1606064181
23,Provideniya,64.38,-173.3,30.97,98,100,4.18,RU,1606064551
24,Ribeira Grande,38.52,-28.7,68.0,68,20,6.93,PT,1606064552
25,Camagüey,21.38,-77.92,82.4,69,40,14.99,CU,1606064553
26,Awjilah,29.11,21.29,66.74,48,19,11.52,LY,1606064555
27,Kommunar,59.62,30.39,39.2,86,90,8.95,RU,1606064311
28,Punta Arenas,-53.15,-70.92,57.2,62,75,21.92,CL,1606064365
29,Dikson,73.51,80.55,15.62,95,68,14.23,RU,1606064559
30,Port Alfred,-33.59,26.89,67.46,81,100,4.0,ZA,1606064561
31,Kharp,66.8,65.81,15.13,94,98,3.29,RU,1606064564
32,Kyra,49.58,111.98,14.68,88,0,4.94,RU,1606064565
33,Qaanaaq,77.48,-69.36,-0.2,78,16,5.08,GL,1606064566
34,Mondlo,-27.98,30.72,65.25,93,74,11.32,ZA,1606064568
35,Ouallam,14.32,2.09,85.6,13,2,7.94,NE,1606064569
36,Castro,-24.79,-50.01,75.29,50,10,3.31,BR,1606064571
37,Mahébourg,-20.41,57.7,75.2,88,75,8.05,MU,1606064463
38,Jamestown,42.1,-79.24,35.01,89,90,13.87,US,1606064292
39,Mar del Plata,-38.0,-57.56,84.2,39,0,11.41,AR,1606064564
40,Kayerkan,69.35,87.76,10.4,92,40,11.18,RU,1606064577
41,Vaini,-21.2,-175.2,68.0,94,75,3.36,TO,1606064579
42,Muros,42.78,-9.06,60.8,55,0,1.12,ES,1606064580
43,Albany,42.6,-73.97,37.0,62,90,5.73,US,1606064313
44,Margate,51.38,1.39,48.0,78,78,7.94,GB,1606064583
45,Airai,-8.93,125.41,62.91,100,100,1.63,TL,1606064585
46,Saint-Philippe,-21.36,55.77,75.2,73,40,17.22,RE,1606064586
47,Ugoofaaru,5.67,73.0,83.21,72,78,11.41,MV,1606064588
48,Tanete,-3.94,119.78,76.73,78,95,1.01,ID,1606064589
49,Korla,41.76,86.15,18.12,81,0,2.48,CN,1606064591
50,Port Blair,11.67,92.75,81.9,81,95,9.57,IN,1606064592
51,Hambantota,6.12,81.12,78.67,82,100,4.43,LK,1606064594
52,The Valley,18.22,-63.06,86.0,74,20,17.22,AI,1606064369
53,Ponta do Sol,32.67,-17.1,69.8,68,40,12.75,PT,1606064597
54,Cape Town,-33.93,18.42,68.0,63,20,21.92,ZA,1606064522
55,Mbaïki,3.87,17.99,80.1,55,45,2.8,CF,1606064599
56,Vila Franca do Campo,37.72,-25.43,64.4,77,20,10.29,PT,1606064602
57,Lebu,-37.62,-73.65,60.37,69,100,8.48,CL,1606064604
58,Bluff,-46.6,168.33,41.0,94,42,1.01,NZ,1606064605
59,Kavieng,-2.57,150.8,81.82,71,69,10.89,PG,1606064607
60,East London,-33.02,27.91,66.2,82,0,5.82,ZA,1606064608
61,Carnarvon,-24.87,113.63,73.4,73,0,17.22,AU,1606064610
62,Anadyr,64.75,177.48,32.0,95,40,20.13,RU,1606064611
63,Dzitbalché,20.32,-90.05,84.9,57,14,5.53,MX,1606064613
64,Hermanus,-34.42,19.23,64.0,79,66,1.01,ZA,1606064614
65,Nurobod,40.91,69.8,23.0,92,67,4.7,UZ,1606064616
66,New Norfolk,-42.78,147.06,55.0,83,6,1.68,AU,1606064617
67,Pangnirtung,66.15,-65.71,-5.48,83,16,4.83,CA,1606064618
68,Moussoro,13.64,16.49,85.89,20,11,7.7,TD,1606064620
69,Maceió,-9.67,-35.74,87.8,52,40,12.75,BR,1606064610
70,Sitka,57.05,-135.33,41.0,75,90,8.05,US,1606064623
71,Guerrero Negro,27.98,-114.06,71.55,60,68,6.69,MX,1606064625
72,Arraial do Cabo,-22.97,-42.03,78.8,65,40,12.75,BR,1606064406
73,Barrow,71.29,-156.79,10.4,85,1,13.87,US,1606064628
74,Dukat,62.55,155.55,-9.62,89,100,4.38,RU,1606064629
75,Raja,8.46,25.68,81.52,22,22,5.86,SS,1606064630
76,El Jícaro,14.92,-89.9,82.4,69,20,2.89,GT,1606064632
77,Khatanga,71.97,102.5,12.61,95,100,19.33,RU,1606064633
78,Flinders,-34.58,150.86,72.0,84,89,13.0,AU,1606064635
79,Ubauro,28.17,69.73,66.24,24,16,6.62,PK,1606064636
80,Worthington,40.09,-83.02,43.0,87,90,6.93,US,1606064509
81,Omsukchan,62.53,155.8,-6.25,88,100,4.52,RU,1606064639
82,Mount Hagen,-5.86,144.23,59.07,92,92,1.9,PG,1606064641
83,Taku,39.02,117.65,26.6,58,0,11.18,CN,1606064642
84,Nayoro,44.35,142.46,25.59,95,100,2.21,JP,1606064645
85,Yellowknife,62.46,-114.35,-5.01,76,75,11.41,CA,1606064403
86,San Diego de la Unión,21.47,-100.87,69.01,55,25,6.17,MX,1606064648
87,Tasiilaq,65.61,-37.64,21.2,79,34,3.36,GL,1606064650
88,Salalah,17.02,54.09,82.4,74,75,9.17,OM,1606064651
89,Kumul,42.8,93.45,20.79,70,4,4.54,CN,1606064652
90,Lianzhou,24.78,112.38,54.34,69,98,5.44,CN,1606064654
91,George Town,5.41,100.34,78.8,94,40,7.23,MY,1606064657
92,Bengkulu,-3.8,102.27,75.78,93,100,3.71,ID,1606064658
93,Eureka,40.8,-124.16,44.01,100,20,4.09,US,1606064660
94,Constantine,36.37,6.61,50.0,76,75,10.29,DZ,1606064661
95,College,64.86,-147.8,10.99,77,75,0.78,US,1606064663
96,Inhambane,-23.86,35.38,78.8,78,40,12.75,MZ,1606064664
97,Guadalupe Victoria,32.29,-115.11,72.0,29,40,4.7,MX,1606064666
98,Calabozo,8.92,-67.43,85.75,68,96,5.46,VE,1606064669
99,Pochutla,15.74,-96.47,90.0,55,5,11.41,MX,1606064670
100,Manacor,39.57,3.21,59.0,54,20,9.17,ES,1606064672
101,Makushino,55.21,67.24,14.18,93,1,4.07,RU,1606064674
102,Zhigansk,66.77,123.37,-5.75,91,98,11.07,RU,1606064675
103,Pisco,-13.7,-76.22,68.0,72,40,10.29,PE,1606064676
104,Pandan,14.05,124.17,80.15,82,29,17.67,PH,1606064678
105,Kinango,-4.14,39.32,82.4,78,40,6.93,KE,1606064679
106,Real,14.66,121.6,80.6,69,20,13.65,PH,1606064681
107,Coquimbo,-29.95,-71.34,62.6,67,20,13.87,CL,1606064682
108,Klyuchi,52.27,79.17,18.95,94,100,4.32,RU,1606064684
109,Boende,-0.22,20.87,80.24,72,99,1.5,CD,1606064685
110,Upernavik,72.79,-56.15,20.71,89,98,3.98,GL,1606064687
111,Teya,60.38,92.63,22.6,95,100,5.82,RU,1606064688
112,Ancud,-41.87,-73.82,61.0,62,90,11.41,CL,1606064693
113,Saint Anthony,45.02,-93.22,37.4,83,90,6.93,US,1606064694
114,Samarai,-10.62,150.67,80.28,81,90,7.4,PG,1606064696
115,Hong Kong,22.29,114.16,75.99,84,11,1.01,HK,1606064459
116,Buala,-8.14,159.59,79.23,80,43,3.22,SB,1606064699
117,Cowra,-33.83,148.68,64.0,82,61,1.01,AU,1606064700
118,Ucluelet,48.93,-125.55,45.0,93,90,9.17,CA,1606064702
119,Champerico,14.3,-91.92,86.0,70,40,4.7,GT,1606064714
120,Olafsvik,64.89,-23.71,35.46,88,96,9.17,IS,1606064716
121,Port Hardy,50.7,-127.42,44.6,93,90,11.41,CA,1606064543
122,Charter Township of Clinton,42.59,-82.92,34.0,100,90,6.93,US,1606064719
123,Kade,52.38,12.27,48.0,80,100,6.96,DE,1606064720
124,Trāl,33.93,75.1,39.72,70,100,1.34,IN,1606064722
125,Sioux Lookout,50.1,-91.92,26.6,92,90,4.7,CA,1606064434
126,Clyde River,70.47,-68.59,6.8,92,90,32.21,CA,1606064725
127,Royan,45.63,-1.03,51.8,53,0,4.97,FR,1606064727
128,Quatre Cocos,-20.21,57.76,75.99,88,75,8.05,MU,1606064728
129,Humberto de Campos,-2.6,-43.46,86.83,65,82,10.76,BR,1606064730
130,Perth,-31.93,115.83,61.0,82,0,5.82,AU,1606064676
131,Paphos,34.77,32.42,62.6,67,20,5.82,CY,1606064733
132,Dali,25.7,100.18,49.8,80,1,5.37,CN,1606064734
133,Hobart,-42.88,147.33,55.0,93,90,4.7,AU,1606064507
134,Vila Velha,-20.33,-40.29,81.0,69,20,10.29,BR,1606064538
135,Bitung,1.45,125.18,75.2,100,40,1.12,ID,1606064738
136,Nome,64.5,-165.41,28.4,92,90,12.75,US,1606064740
137,Porto Velho,-8.76,-63.9,91.4,63,40,3.36,BR,1606064715
138,Bambous Virieux,-20.34,57.76,75.99,88,75,8.05,MU,1606064743
139,Antofagasta,-23.65,-70.4,64.4,63,40,12.75,CL,1606064591
140,Chui,-33.7,-53.46,72.01,54,0,10.11,UY,1606064745
141,Lorengau,-2.02,147.27,81.9,78,100,9.15,PG,1606064747
142,Norman Wells,65.28,-126.83,12.2,66,75,21.92,CA,1606064748
143,Bhuj,23.27,69.67,70.09,43,0,3.0,IN,1606064750
144,Kudahuvadhoo,2.67,72.89,83.5,71,18,8.14,MV,1606064751
145,Shakhtinsk,49.71,72.59,21.2,85,75,11.18,KZ,1606064753
146,Port Elizabeth,-33.92,25.57,66.2,82,0,10.29,ZA,1606064754
147,Ixtapa,20.7,-105.2,78.8,69,5,1.99,MX,1606064488
148,Vice,-5.42,-80.78,80.98,43,1,11.1,PE,1606064757
149,Kemijärvi,66.71,27.43,33.98,91,100,11.95,FI,1606064759
150,Purpe,64.48,76.69,9.79,95,0,9.6,RU,1606064760
151,Tiksi,71.69,128.87,-5.24,90,69,5.79,RU,1606064762
152,Chervonohryhorivka,47.62,34.54,30.2,80,75,4.47,UA,1606064763
153,Takoradze,4.88,-1.76,80.19,81,91,11.23,GH,1606064718
154,Severodvinsk,64.56,39.83,32.0,93,90,8.95,RU,1606064766
155,Chokurdakh,70.63,147.92,-3.15,93,100,6.13,RU,1606064768
156,Pevek,69.7,170.31,16.59,95,100,2.82,RU,1606064769
157,Vila do Maio,15.13,-23.22,86.0,58,0,10.29,CV,1606064771
158,Fengcheng,40.45,124.07,23.41,78,0,7.47,CN,1606064772
159,Ampanihy,-24.7,44.75,75.81,65,8,9.75,MG,1606064774
160,Quzhou,28.96,118.87,52.3,80,98,8.25,CN,1606064775
161,Palmer,42.16,-72.33,45.0,52,75,6.93,US,1606064779
162,Kirakira,-10.45,161.92,78.55,79,96,2.82,SB,1606064781
163,Neiafu,-18.65,-173.98,71.6,100,90,16.37,TO,1606064782
164,São Filipe,14.9,-24.5,78.82,69,1,10.29,CV,1606064784
165,Santa Fe,-31.63,-60.7,93.0,21,0,4.0,AR,1606064785
166,Berlevåg,70.86,29.09,30.2,86,75,8.05,NO,1606064787
167,Avarua,-21.21,-159.78,75.2,94,100,2.24,CK,1606064788
168,Presidencia Roque Sáenz Peña,-26.79,-60.44,97.0,22,0,5.01,AR,1606064790
169,Valparaíso,-33.04,-71.63,66.2,59,0,6.93,CL,1606064791
170,Umluj,25.02,37.27,77.65,50,0,17.36,SA,1606064792
171,Saldanha,-33.01,17.94,69.8,49,16,14.99,ZA,1606064794
172,Praia da Vitória,38.73,-27.07,66.2,77,40,8.01,PT,1606064522
173,Santa Luzia,-19.77,-43.85,77.0,61,75,4.7,BR,1606064775
174,Mosquera,4.71,-74.23,68.0,49,40,4.7,CO,1606064799
175,Morón,-34.65,-58.62,87.01,31,0,4.0,AR,1606064801
176,Rameswaram,9.28,79.3,81.75,74,100,17.25,IN,1606064802
177,Katsuura,35.13,140.3,68.0,68,75,17.22,JP,1606064804
178,Lagoa,39.05,-27.98,62.8,74,95,10.47,PT,1606064805
179,Riyadh,24.69,46.72,69.8,35,0,9.17,SA,1606064584
180,Quimper,48.0,-4.1,51.8,81,20,3.36,FR,1606064810
181,Padang,-0.95,100.35,75.42,87,100,8.72,ID,1606064811
182,Saint Paul Harbor,57.79,-152.41,26.6,79,1,8.05,US,1606064812
183,Kalmunai,7.42,81.82,75.11,89,100,14.85,LK,1606064814
184,Thompson,55.74,-97.86,1.4,77,20,9.17,CA,1606064735
185,Aklavik,68.22,-135.01,5.0,84,75,9.17,CA,1606064817
186,Água Branca,-5.89,-42.64,86.04,64,92,1.32,BR,1606064818
187,Kavaratti,10.57,72.64,82.09,67,9,7.14,IN,1606064820
188,Lompoc,34.64,-120.46,48.2,80,1,3.36,US,1606064821
189,Port Augusta,-32.5,137.77,61.0,87,75,13.87,AU,1606064823
190,Krasnogorskoye,52.3,86.2,23.34,94,99,1.99,RU,1606064824
191,Nuevo Progreso,23.17,-97.95,81.0,55,0,1.99,MX,1606064827
192,Tessalit,20.2,1.01,80.2,16,80,7.87,ML,1606064828
193,Santa Isabel Rio Negro,-0.41,-65.02,90.25,58,90,3.18,BR,1606064830
194,San Juan,-31.54,-68.54,89.65,25,0,12.84,AR,1606064831
195,Novobirilyussy,56.95,90.67,20.73,97,100,7.61,RU,1606064833
196,Fairbanks,64.84,-147.72,10.99,77,75,0.56,US,1606064764
197,Carlsbad,33.16,-117.35,66.99,100,40,2.28,US,1606064836
198,Nemuro,43.32,145.57,37.13,88,100,19.26,JP,1606064558
199,San Patricio,28.02,-97.52,77.0,73,75,6.93,US,1606064840
200,Thinadhoo,0.53,72.93,82.87,74,48,9.48,MV,1606064841
201,Riviere-au-Renard,49.0,-64.4,28.4,54,90,4.7,CA,1606064843
202,Katangli,51.71,143.23,14.94,85,2,16.64,RU,1606064844
203,Bethel,41.37,-73.41,43.0,60,90,8.05,US,1606064625
204,Maniitsoq,65.42,-52.9,23.61,95,100,2.73,GL,1606064847
205,Taltal,-25.4,-70.48,67.19,55,47,7.31,CL,1606064849
206,Nanortalik,60.14,-45.24,30.54,98,100,6.04,GL,1606064850
207,Deputatsky,69.3,139.9,-12.86,85,16,2.95,RU,1606064851
208,Estelle,29.85,-90.11,73.99,69,20,8.05,US,1606064853
209,Brixen,46.72,11.66,39.99,64,0,2.24,IT,1606064703
210,Colombo,6.93,79.85,77.0,78,20,14.38,LK,1606064856
211,Toamasina,-18.17,49.38,78.8,78,20,5.82,MG,1606064594
212,Tuktoyaktuk,69.45,-133.04,-2.2,84,5,11.41,CA,1606064859
213,Putina,-15.47,-69.43,55.11,45,4,10.04,PE,1606064860
214,Huanan,46.22,130.52,7.63,92,0,9.15,CN,1606064862
215,Zhob,31.34,69.45,49.87,47,47,2.33,PK,1606064863
216,İstisu,40.95,48.07,44.6,87,75,2.24,AZ,1606064866
217,Poum,-20.23,164.02,75.49,74,13,15.28,NC,1606064867
218,Moerai,-22.43,-151.33,74.88,74,66,12.82,PF,1606064869
219,Geraldton,-28.77,114.6,64.4,72,0,9.17,AU,1606064870
220,Roald,62.58,6.13,44.6,75,75,21.92,NO,1606064872
221,Panacan,9.25,118.41,79.52,79,48,12.24,PH,1606064873
222,Kirovskiy,45.09,133.51,7.5,92,0,2.8,RU,1606064875
223,Grand Baie,-20.02,57.58,75.99,75,47,1.99,MU,1606064876
224,Rørvik,64.86,11.24,44.6,87,40,16.11,NO,1606064878
225,Namatanai,-3.67,152.43,78.71,73,76,6.35,PG,1606064879
226,Nova Praha,48.57,32.9,26.6,79,0,6.71,UA,1606064880
227,Fuerte Olimpo,-21.04,-57.87,105.49,16,0,2.77,PY,1606064883
228,Palma de Mallorca,39.57,2.65,59.0,58,0,8.05,ES,1606064829
229,San Ignacio,17.16,-89.07,79.0,83,75,1.77,BZ,1606064886
230,Ilulissat,69.22,-51.1,17.6,44,100,14.99,GL,1606064888
231,Puerto Ayora,-0.74,-90.35,75.2,78,90,14.99,EC,1606064889
232,Khāsh,28.22,61.22,52.86,69,1,4.45,IR,1606064891
233,Cidreira,-30.18,-50.21,69.75,60,0,11.32,BR,1606064892
234,Tilichiki,60.47,166.1,6.39,94,97,3.8,RU,1606064894
235,Salinópolis,-0.61,-47.36,86.47,65,21,13.13,BR,1606064895
236,Miraflores,19.22,-98.81,60.8,58,20,4.36,MX,1606064897
237,Hunterville,-39.93,175.57,42.01,84,0,4.29,NZ,1606064898
238,Sept-Îles,50.2,-66.38,25.0,57,12,4.7,CA,1606064875
239,Santa Catalina,9.33,122.86,79.83,80,55,8.01,PH,1606064901
240,Bud,39.45,-86.18,39.99,93,90,11.41,US,1606064903
241,Tuatapere,-46.13,167.68,41.0,94,96,1.01,NZ,1606064904
242,Lata,40.16,-8.33,64.4,72,0,8.05,PT,1606064906
243,Sémbé,1.65,14.58,78.93,66,59,1.77,CG,1606064908
244,Kruisfontein,-34.0,24.73,64.99,81,100,1.01,ZA,1606064909
245,Manokwari,-0.87,134.08,79.72,78,39,3.47,ID,1606064911
246,Conakry,9.54,-13.68,84.02,71,26,10.31,GN,1606064912
247,Petrovskoye,57.01,39.27,28.98,97,100,14.76,RU,1606064914
248,Severo-Kuril'sk,50.68,156.12,30.87,92,85,20.85,RU,1606064915
249,Paraúna,-16.95,-50.45,88.88,34,0,5.41,BR,1606064916
250,Fort Saint James,54.43,-124.25,28.11,97,100,2.44,CA,1606064918
251,Te Anau,-45.42,167.72,36.81,88,68,1.99,NZ,1606064919
252,Saint-François,46.42,3.91,41.0,80,0,5.82,FR,1606064921
253,Prince Rupert,54.32,-130.32,42.8,93,40,8.05,CA,1606064922
254,Atuona,-9.8,-139.03,77.14,72,8,14.83,PF,1606064923
255,Wangaratta,-36.37,146.33,66.99,93,90,3.36,AU,1606064925
256,Narsaq,60.92,-46.05,23.0,67,100,2.24,GL,1606064926
257,Bubaque,11.28,-15.83,83.62,70,100,10.29,GW,1606064927
258,Mogadishu,2.04,45.34,80.65,71,99,8.48,SO,1606064929
259,Laguna,38.42,-121.42,44.6,86,1,3.67,US,1606064930
260,Lys'va,58.11,57.81,15.42,95,100,8.01,RU,1606064933
261,Athabasca,54.72,-113.29,10.4,92,86,3.36,CA,1606064757
262,Kermanshah,34.31,47.06,46.4,81,20,4.7,IR,1606064936
263,Yangi Marg`ilon,40.43,71.72,26.6,86,100,2.24,UZ,1606064937
264,Codrington,-38.27,141.97,57.02,94,95,6.53,AU,1606064939
265,Camp Verde,34.56,-111.85,64.99,31,99,1.01,US,1606064940
266,Esperance,-33.87,121.9,53.6,87,20,5.82,AU,1606064943
267,Sinnamary,5.38,-52.95,80.53,86,92,12.21,GF,1606064944
268,Mezen',65.85,44.24,29.28,97,100,16.82,RU,1606064946
269,Khorixas,-20.37,14.97,84.18,18,0,22.64,NA,1606064947
270,Bull Savanna,17.89,-77.59,80.96,75,8,11.3,JM,1606064949
271,Baikunthpur,23.25,82.55,56.43,41,0,3.53,IN,1606064950
272,São José da Coroa Grande,-8.9,-35.15,82.63,64,13,10.47,BR,1606064951
273,Taloqan,36.74,69.53,35.92,82,100,2.62,AF,1606064953
274,Ishigaki,24.34,124.16,75.15,86,57,23.04,JP,1606064954
275,Córdoba,-31.41,-64.18,91.0,28,0,18.34,AR,1606064956
276,Três Pontas,-21.37,-45.51,77.65,62,74,3.83,BR,1606064957
277,Butaritari,3.07,172.79,80.35,79,100,14.47,KI,1606064960
278,Tual,-5.67,132.75,83.93,71,95,6.2,ID,1606064961
279,Teluk Nibung,3.0,99.82,76.37,88,100,9.13,ID,1606064963
280,Belém de São Francisco,-8.75,-38.97,94.95,22,42,15.05,BR,1606064964
281,Nador,35.17,-2.93,62.6,59,0,8.05,MA,1606064791
282,Sibolga,1.74,98.78,75.96,80,97,3.18,ID,1606064971
283,Vao,-22.67,167.48,72.25,79,69,17.52,NC,1606064973
284,Touros,-5.2,-35.46,87.8,52,40,11.41,BR,1606064677
285,Faanui,-16.48,-151.75,79.88,74,68,8.3,PF,1606064976
286,Nikolskoye,59.7,30.79,39.2,86,90,8.95,RU,1606064977
287,Asău,46.43,26.4,36.0,69,35,7.38,RO,1606064979
288,Ranong,9.97,98.63,78.08,84,100,3.27,TH,1606064861
289,Talnakh,69.49,88.4,10.4,92,40,11.18,RU,1606064822
290,Xichang,27.9,102.26,50.16,77,7,0.45,CN,1606064983
291,Hamilton,39.18,-84.53,50.0,93,90,6.93,US,1606064946
292,Cosoleacaque,18.0,-94.62,78.8,78,75,8.05,MX,1606064987
293,Benguela,-12.58,13.41,77.54,72,56,6.73,AO,1606064988
294,Burnie,-41.07,145.92,57.99,94,91,3.0,AU,1606064990
295,Kemin,42.78,75.69,18.57,85,100,3.83,KG,1606064991
296,Diego de Almagro,-26.37,-70.05,85.12,13,22,15.77,CL,1606064992
297,Buraidah,26.33,43.98,68.0,45,0,9.17,SA,1606064924
298,Waiuku,-37.25,174.75,52.0,87,11,8.05,NZ,1606064995
299,Yar-Sale,66.83,70.83,15.98,96,20,12.1,RU,1606064999
300,Filingué,14.35,3.32,85.82,14,5,6.78,NE,1606065001
301,Usinsk,65.99,57.53,23.05,95,100,24.81,RU,1606065003
302,Skibotn,69.39,20.27,32.0,92,75,5.82,NO,1606065005
303,Mehrān,33.12,46.16,48.2,81,0,2.24,IR,1606065006
304,Laas,46.62,10.7,39.99,64,75,0.31,IT,1606065008
305,Adrar,20.5,-10.07,82.71,15,0,10.63,MR,1606065009
306,Ken Caryl,39.58,-105.12,39.0,31,0,1.99,US,1606065011
307,Kaeo,-35.1,173.78,48.99,91,11,3.0,NZ,1606065012
308,Havre-St-Pierre,50.23,-63.6,23.0,53,75,4.7,CA,1606065014
309,Noumea,-22.28,166.46,75.99,94,75,12.15,NC,1606065015
310,Kichera,55.94,110.1,15.94,86,97,1.7,RU,1606065017
311,Kharitonovo,61.4,47.5,23.68,92,100,13.31,RU,1606065018
312,Qingdao,36.1,120.37,35.01,64,0,6.71,CN,1606065020
313,Arlit,18.74,7.39,76.71,17,9,4.85,NE,1606065021
314,Rognan,67.1,15.39,37.0,92,100,2.57,NO,1606065022
315,Gazojak,41.19,61.4,22.77,78,21,10.29,TM,1606065024
316,San Quintín,30.48,-115.95,67.14,65,71,4.52,MX,1606065025
317,Bo Rai,12.57,102.54,75.54,82,100,2.82,TH,1606065027
318,Tongzhou,39.91,116.6,32.0,36,0,11.18,CN,1606065028
319,Mount Darwin,-16.77,31.58,82.42,37,22,2.1,ZW,1606065030
320,San Policarpo,12.18,125.51,81.37,84,98,18.79,PH,1606065031
321,La Baule-Escoublac,47.29,-2.36,51.8,66,6,2.24,FR,1606065034
322,Bilibino,68.05,166.44,6.6,92,100,1.14,RU,1606065036
323,Kaitangata,-46.28,169.85,46.99,88,92,4.0,NZ,1606065037
324,Acapulco de Juárez,16.86,-99.89,84.2,62,5,3.11,MX,1606065039
325,Nosy Varika,-20.58,48.53,77.16,82,52,6.51,MG,1606065040
326,Husavik,66.04,-17.34,30.2,86,75,8.05,IS,1606065042
327,Raudeberg,61.99,5.14,44.6,65,40,27.51,NO,1606065045
328,Eskil,38.4,33.41,43.29,61,0,6.51,TR,1606065046
329,Beïnamar,8.67,15.38,82.92,29,91,2.8,TD,1606065048
330,Mount Gambier,-37.83,140.77,57.2,93,90,12.75,AU,1606065049
331,Salmās,38.2,44.77,41.0,75,75,6.93,IR,1606065050
332,Saint George,37.1,-113.58,44.6,39,1,4.7,US,1606065052
333,Hofn,64.25,-15.21,33.03,90,97,7.31,IS,1606065053
334,Sur,22.57,59.53,72.99,54,0,7.54,OM,1606065055
335,Boyolangu,-8.12,111.89,77.54,83,98,1.28,ID,1606065056
336,Nuuk,64.18,-51.72,26.6,68,90,3.36,GL,1606065057
337,Westport,41.14,-73.36,46.4,52,90,11.41,US,1606065059
338,Grand Forks,47.94,-97.43,30.2,80,1,20.8,US,1606065060
339,Ola,59.58,151.28,3.15,86,52,11.99,RU,1606065062
340,Faya,18.39,42.45,68.0,10,0,11.41,SA,1606065063
341,Bystryy Istok,52.37,84.39,23.56,94,100,2.37,RU,1606065065
342,Nueve de Julio,-35.44,-60.88,88.0,34,0,4.0,AR,1606065066
343,La Ronge,55.1,-105.28,-7.6,83,0,2.08,CA,1606065069
344,Pedersore,63.65,22.68,37.99,86,0,16.11,FI,1606065070
345,Kahului,20.89,-156.47,77.0,73,40,20.8,US,1606064977
346,Hay River,60.82,-115.8,-0.4,84,80,5.82,CA,1606065073
347,San Cristobal,7.77,-72.22,86.0,58,40,6.93,VE,1606065074
348,Ambon City,-3.7,128.18,82.99,89,47,3.74,ID,1606065076
349,Koboko,3.41,30.96,68.88,81,32,3.42,UG,1606065077
350,Nantucket,41.28,-70.1,51.8,66,90,13.87,US,1606065079
351,Fortuna,40.6,-124.16,37.4,100,40,5.82,US,1606065080
352,Bria,6.54,21.99,77.7,42,97,2.95,CF,1606065082
353,Srednekolymsk,67.45,153.68,2.19,94,100,9.06,RU,1606065084
354,Paso de los Toros,-32.82,-56.52,80.6,36,0,9.17,UY,1606065086
355,Bathsheba,13.22,-59.52,86.0,70,40,18.34,BB,1606065087
356,Khasan,42.43,130.64,26.28,82,0,20.42,RU,1606065089
357,Acala,16.57,-92.8,78.8,65,75,5.82,MX,1606065090
358,Port Macquarie,-31.43,152.92,66.99,98,77,9.69,AU,1606065091
359,Qasigiannguit,68.82,-51.19,17.6,44,100,14.99,GL,1606065093
360,Eirunepé,-6.66,-69.87,92.1,54,77,0.89,BR,1606065094
361,La Rioja,42.25,-2.5,51.8,57,0,3.36,ES,1606065096
362,Matamoros,25.53,-103.25,68.0,49,5,4.16,MX,1606065098
363,Kawalu,-7.38,108.21,72.66,86,98,1.81,ID,1606065101
364,Leningradskiy,69.38,178.42,23.92,96,100,3.18,RU,1606065103
365,Sørland,67.67,12.69,42.8,87,75,4.7,NO,1606065104
366,Mariental,-24.63,17.97,95.0,3,0,19.46,NA,1606065105
367,Angoche,-16.23,39.91,79.5,76,0,8.41,MZ,1606065107
368,Tomatlán,19.93,-105.25,89.46,44,0,2.82,MX,1606065108
369,Port Lincoln,-34.73,135.87,59.38,84,96,17.43,AU,1606064880
370,Lagos,6.58,3.75,83.68,69,74,7.18,NG,1606065111
371,Gambo,4.65,22.26,76.33,49,87,0.94,CF,1606065112
372,Gurupá,-1.41,-51.64,85.24,74,98,1.12,BR,1606065113
373,Kuril'sk,45.23,147.88,31.66,90,98,16.17,RU,1606065115
374,Ossora,59.24,163.07,15.78,87,6,5.3,RU,1606065116
375,Zyryanka,65.75,150.85,-1.86,92,100,11.25,RU,1606065118
376,Rawson,-43.3,-65.1,76.21,20,0,9.69,AR,1606065119
377,Eurajoki,61.2,21.73,41.0,80,0,8.05,FI,1606065120
378,Altamira,-3.2,-52.21,74.97,95,100,2.89,BR,1606064986
379,Mareeba,-17.0,145.43,75.99,78,94,8.05,AU,1606065123
380,Belmonte,-15.86,-38.88,80.6,88,75,2.24,BR,1606065125
381,Abu Samrah,35.3,37.18,59.5,73,15,0.31,SY,1606065126
382,Mitú,1.2,-70.17,94.96,46,30,0.43,CO,1606065127
383,Labuhan,-6.88,112.21,80.55,80,100,3.91,ID,1606065129
384,Souillac,-20.52,57.52,75.2,88,75,8.05,MU,1606065130
385,Büdingen,50.3,9.12,43.0,85,100,1.99,DE,1606065131
386,Itarema,-2.92,-39.92,86.81,56,27,18.84,BR,1606065133
387,Mehamn,71.04,27.85,30.2,86,75,8.05,NO,1606065134
388,Moose Factory,51.26,-80.61,30.2,79,90,12.75,CA,1606065136
389,Pokhara,28.23,83.98,53.8,61,42,3.06,NP,1606065137
390,Dvurechensk,56.6,61.1,12.2,72,0,4.47,RU,1606065138
391,Panguna,-6.32,155.48,65.59,95,74,1.74,PG,1606065140
392,Brædstrup,55.97,9.61,45.0,87,75,14.99,DK,1606065141
393,Menongue,-14.66,17.69,68.2,82,100,4.29,AO,1606065142
394,Dhidhdhoo,6.88,73.1,82.65,73,17,10.96,MV,1606065144
395,Ardeşen,41.19,40.99,53.6,76,75,24.16,TR,1606065145
396,Batagay-Alyta,67.8,130.41,-16.24,88,52,1.52,RU,1606065147
397,Lodhīkheda,21.58,78.83,64.4,68,0,4.63,IN,1606065148
398,Igrim,63.19,64.42,20.93,94,0,8.32,RU,1606065149
399,Kodinsk,58.69,99.18,19.63,96,100,6.96,RU,1606065151
400,Chabahar,25.29,60.64,76.33,64,0,12.24,IR,1606065152
401,Gelibolu,40.41,26.67,51.8,66,40,11.41,TR,1606065154
402,Auch,43.65,0.58,46.99,66,0,1.88,FR,1606065112
403,Anloga,5.79,0.9,87.8,70,20,12.75,GH,1606065157
404,Popondetta,-8.75,148.25,74.82,92,100,1.86,PG,1606065158
405,Honiara,-9.43,159.95,77.4,77,32,3.24,SB,1606065159
406,Gobabis,-22.45,18.97,95.0,14,20,5.82,NA,1606065161
407,Cayenne,4.93,-52.33,82.4,83,99,11.41,GF,1606065162
408,Wewak,-3.55,143.63,80.08,77,66,4.41,PG,1606065163
409,Xining,36.62,101.77,16.3,93,100,1.81,CN,1606065165
410,Caravelas,-17.71,-39.25,75.22,82,100,7.94,BR,1606065166
411,Bakonycsernye,47.32,18.08,37.4,74,0,9.17,HU,1606065168
412,Benjamin Constant,-4.38,-70.03,89.6,66,20,2.24,BR,1606064908
413,Nishihara,26.18,127.76,75.2,83,75,3.36,JP,1606065172
414,Tabas,33.6,56.92,51.8,76,77,6.93,IR,1606065173
415,Douglas,41.3,-96.17,45.0,48,1,10.29,US,1606065175
416,Naberera,-4.2,36.93,71.37,73,28,11.39,TZ,1606065176
417,Sovetskiy,61.36,63.58,18.46,95,0,7.65,RU,1606065178
418,Tarakan,3.3,117.63,82.18,77,100,5.44,ID,1606065179
419,Trairi,-3.28,-39.27,86.85,54,64,16.87,BR,1606065180
420,Kieta,-6.22,155.63,76.93,76,52,4.09,PG,1606065182
421,Torbay,47.67,-52.73,34.0,90,90,12.75,CA,1606065183
422,Camapuã,-19.53,-54.04,95.52,19,3,5.5,BR,1606065185
423,Qaqortoq,60.72,-46.03,23.0,67,100,2.24,GL,1606065186
424,Santo Domingo,18.5,-69.99,84.0,78,75,6.93,DO,1606064891
425,Ubari,26.59,12.78,68.47,25,50,14.54,LY,1606065189
426,Paita,-5.09,-81.11,78.8,57,0,12.75,PE,1606065190
427,Sobolevo,54.43,31.9,30.43,99,100,13.11,RU,1606065191
428,Jacareacanga,-6.22,-57.75,88.93,58,87,3.51,BR,1606065194
429,Naze,28.37,129.48,75.2,78,75,10.29,JP,1606065196
430,Manta,-0.95,-80.73,75.2,78,75,6.93,EC,1606065197
431,Dunedin,-45.87,170.5,48.0,75,92,5.14,NZ,1606064964
432,Cabo San Lucas,22.89,-109.91,84.99,36,5,3.36,MX,1606065200
433,Hobyo,5.35,48.53,80.76,74,68,15.17,SO,1606065201
434,Georgiyevka,43.04,74.71,14.0,85,75,4.47,KZ,1606065202
435,Pierre,44.37,-100.35,37.99,64,1,17.22,US,1606065205
436,Vredendal,-31.67,18.5,66.24,58,78,14.85,ZA,1606065207
437,Sinjār,36.32,41.88,56.73,60,0,2.98,IQ,1606065208
438,Vostok,46.49,135.88,-0.45,94,21,5.5,RU,1606065209
439,Miquelon,47.1,-56.38,33.8,64,75,14.99,PM,1606065211
440,Daugai,54.37,24.33,41.0,86,90,14.99,LT,1606065212
441,Gillette,44.29,-105.5,36.0,54,1,11.41,US,1606065115
442,Aitape,-3.14,142.35,77.41,86,83,3.15,PG,1606065215
443,Rocha,-34.48,-54.33,77.04,42,0,5.97,UY,1606065216
444,Aleksandrov Gay,50.15,48.57,29.05,88,95,12.5,RU,1606065218
445,Hazorasp,41.32,61.07,21.2,48,0,4.7,UZ,1606065219
446,Havelock,34.88,-76.9,72.0,63,90,8.05,US,1606065220
447,Damaturu,11.75,11.96,86.16,28,17,4.59,NG,1606065222
448,Rincon,32.3,-81.24,75.99,77,75,6.93,US,1606065223
449,Esim,4.87,-2.24,79.88,81,99,10.36,GH,1606065225
450,Vardø,70.37,31.11,30.2,92,90,16.11,NO,1606065226
451,Machiques,10.06,-72.55,86.11,66,9,2.62,VE,1606065229
452,Goderich,43.75,-81.72,37.0,80,100,12.28,CA,1606065230
453,Springbok,-29.66,17.89,63.19,56,18,14.52,ZA,1606065232
454,Noyabrsk,63.2,75.45,11.95,97,74,10.04,RU,1606065233
455,Hasaki,35.73,140.83,63.0,93,75,8.05,JP,1606065235
456,Bonoua,5.27,-3.6,77.0,88,75,9.17,CI,1606065236
457,Durban,-29.86,31.03,71.6,78,40,5.82,ZA,1606065153
458,Mayo,38.89,-76.51,57.0,71,90,6.93,US,1606065099
459,Vurnary,55.49,46.96,22.75,90,100,12.84,RU,1606065240
460,Yamada,39.47,141.95,51.19,86,100,3.6,JP,1606065242
461,Kathu,7.92,98.33,84.0,88,75,4.7,TH,1606065243
462,Hibbing,47.43,-92.94,34.0,86,90,6.4,US,1606065244
463,Ternate,0.8,127.4,81.7,75,66,4.56,ID,1606065246
464,Photharam,13.69,99.85,80.01,79,90,5.28,TH,1606065247
465,Lamisahan,7.07,122.16,78.69,79,50,3.96,PH,1606065249
466,Bandarbeyla,9.49,50.81,79.39,66,100,14.88,SO,1606065250
467,Dongobesh,-4.07,35.38,63.34,74,30,6.85,TZ,1606065251
468,Abalak,58.13,68.59,14.0,97,58,5.28,RU,1606065253
469,Mujiayingzi,42.12,118.78,9.1,87,0,9.95,CN,1606065254
470,Piney Green,34.72,-77.32,73.99,56,22,5.82,US,1606065256
471,Marawi,8.0,124.29,75.0,89,99,7.0,PH,1606065257
472,Iberia,29.95,-91.75,73.99,68,1,5.82,US,1606065258
473,Oboyan',51.21,36.28,28.4,79,90,11.18,RU,1606065260
474,Sciacca,37.51,13.09,55.99,78,91,5.01,IT,1606065261
475,Valle Nacional,17.78,-96.32,74.1,68,98,0.54,MX,1606065263
476,Coahuayana Viejo,18.73,-103.68,78.8,61,5,3.31,MX,1606065264
477,Saint-Augustin,51.23,-58.65,22.53,83,0,9.78,CA,1606065265
478,Altay,47.87,88.12,20.84,65,0,5.44,CN,1606065267
479,Mykolayivka,47.54,30.76,33.37,86,15,7.94,UA,1606065268
480,Carutapera,-1.2,-46.02,88.77,56,21,11.18,BR,1606065270
481,Muravlenko,63.79,74.52,12.51,97,72,10.85,RU,1606065271
482,Ciawi,-7.51,107.98,68.67,93,98,1.54,ID,1606065272
483,Fredericksburg,38.3,-77.46,59.0,77,75,5.82,US,1606065274
484,Bulancak,40.94,38.23,48.2,100,75,9.17,TR,1606065275
485,Hirara,24.8,125.28,74.39,87,84,18.99,JP,1606065276
486,Puro,12.48,123.38,80.13,82,21,15.03,PH,1606065278
487,Winslow,35.02,-110.7,44.6,36,1,2.04,US,1606065006
488,Bukama,-9.2,25.85,78.06,76,35,1.45,CD,1606065281
489,Plainview,40.78,-73.47,51.01,66,90,12.75,US,1606065282
490,Pravia,43.49,-6.15,55.4,71,0,1.12,ES,1606065283
491,Mount Isa,-20.73,139.5,73.4,40,55,4.7,AU,1606065212
492,Meulaboh,4.14,96.13,76.84,77,100,9.08,ID,1606065286
493,Madingou,-4.15,13.55,76.46,90,100,2.19,CG,1606065287
494,Mandalgovi,45.76,106.27,8.58,84,0,7.78,MN,1606065289
495,Half Moon Bay,37.46,-122.43,53.01,87,1,4.85,US,1606065007
496,São Félix do Xingu,-6.64,-51.99,84.58,70,76,4.72,BR,1606065292
497,Tamale,9.4,-0.84,93.65,23,54,3.51,GH,1606065293
498,Alice Springs,-23.7,133.88,87.8,20,31,16.11,AU,1606065241
499,Mossamedes,-15.2,12.15,70.79,71,26,12.08,AO,1606065296
500,Loreto,22.27,-101.97,63.75,40,28,4.68,MX,1606065297
501,Inírida,3.87,-67.92,86.97,64,90,3.98,CO,1606065300
502,Porto-Novo,6.5,2.6,87.8,74,40,12.75,BJ,1606065302
503,Calama,-22.47,-68.93,77.0,3,0,18.34,CL,1606065303
504,San Vicente,-26.62,-54.13,90.14,20,0,4.74,AR,1606065305
505,Shemysheyka,52.89,45.39,26.01,36,60,9.26,RU,1606065307
506,Bereda,43.27,-7.54,57.2,82,0,2.24,ES,1606065308
507,Horadiz,39.45,47.34,42.8,93,0,4.7,AZ,1606065309
508,Entre Rios,-11.94,-38.08,87.73,46,76,10.69,BR,1606065311
509,Yulara,-25.24,130.99,77.0,57,100,9.17,AU,1606065313
510,Valleyview,55.07,-117.29,21.2,85,100,13.87,CA,1606065314
511,Longyearbyen,78.22,15.64,21.2,79,40,2.24,SJ,1606065315
512,Kourou,5.16,-52.65,82.4,83,91,11.41,GF,1606065317
513,Henties Bay,-22.12,14.28,62.01,85,2,5.99,NA,1606065318
514,Beringovskiy,63.05,179.32,25.56,96,68,2.86,RU,1606065320
515,Portlethen,57.05,-2.13,42.8,70,100,9.17,GB,1606065321
516,San Gavino Monreale,39.55,8.79,59.0,62,0,16.11,IT,1606065323
517,Orán,-23.13,-64.33,100.0,29,1,1.99,AR,1606065324
518,Umm Kaddadah,13.6,26.69,77.32,18,3,14.52,SD,1606065326
519,Pio XII,-3.83,-45.15,82.69,76,84,7.0,BR,1606065328
520,Waddān,29.16,16.14,71.06,29,49,15.05,LY,1606065329
521,Okhotsk,59.38,143.3,0.91,88,91,16.28,RU,1606065331
522,Urazovka,55.4,45.62,25.32,89,98,15.35,RU,1606065043
523,Nizwá,22.93,57.53,68.76,37,0,0.2,OM,1606065333
524,Manuk Mangkaw,4.8,119.85,83.8,72,40,6.71,PH,1606065335
525,Tanabe,33.73,135.37,60.44,85,97,9.69,JP,1606065336
526,Luanda,-8.84,13.23,82.4,74,20,10.29,AO,1606065129
527,Isangel,-19.55,169.27,72.37,79,39,9.26,VU,1606065341
528,Ostrovnoy,68.05,39.51,35.4,86,94,20.74,RU,1606065342
529,Necochea,-38.55,-58.74,83.35,30,8,2.75,AR,1606065344
530,Ponnāni,10.77,75.93,77.0,78,20,2.24,IN,1606065159
531,Vaitape,-16.52,-151.75,80.74,72,67,8.12,PF,1606065347
532,Gurupi,-11.73,-49.07,84.79,69,56,6.69,BR,1606065348
533,Leshukonskoye,64.9,45.76,27.97,96,100,15.37,RU,1606065350
534,Kendallville,41.44,-85.27,33.01,98,100,9.17,US,1606065351
535,Dembī Dolo,8.53,34.8,64.31,75,10,3.87,ET,1606065352
536,Porto-Vecchio,41.59,9.28,48.2,61,0,10.29,FR,1606065354
537,Chhātāpur,26.22,87.02,62.28,38,0,4.68,IN,1606065355
538,Murwillumbah,-28.32,153.4,70.0,77,40,8.05,AU,1606065357
539,Stokmarknes,68.56,14.91,39.2,93,75,4.7,NO,1606065358
540,Egvekinot,66.32,-179.17,21.34,98,100,11.9,RU,1606065360
541,Krasnosel'kup,65.7,82.47,7.88,95,56,10.13,RU,1606065363
542,La Grande,45.32,-118.09,39.99,59,1,21.92,US,1606065364
543,Mae Sai,20.43,99.88,66.99,100,0,1.12,TH,1606065367
544,Hualmay,-11.1,-77.61,69.84,64,9,11.03,PE,1606065369
545,Elko,41.0,-115.5,30.99,78,1,3.36,US,1606065370
546,Bariloche,-41.15,-71.31,62.6,36,20,19.46,AR,1606065373
547,Forsytheganj,52.63,29.73,33.69,91,100,14.12,BY,1606065376
548,Aykhal,66.0,111.5,14.0,85,90,8.95,RU,1606065377
549,Kostanay,53.17,63.58,6.8,84,0,2.86,KZ,1606065333
550,Bonthe,7.53,-12.51,83.57,68,33,7.65,SL,1606065380
551,Balabac,7.99,117.06,83.05,80,80,16.02,PH,1606065382
552,Hargeisa,9.56,44.06,64.63,47,62,11.01,SO,1606065383
553,Dawlatabad,36.41,64.91,31.28,91,100,0.54,AF,1606065385
554,Chipata,-13.63,32.65,78.71,40,61,5.14,ZM,1606065386
555,Zyryanovsk,49.74,84.27,13.06,91,61,0.38,KZ,1606065388
556,Port Hedland,-20.32,118.57,80.6,74,8,4.7,AU,1606065389
557,Port Moresby,-9.44,147.18,77.0,94,75,3.36,PG,1606065353
558,Paraíso,9.84,-83.87,75.0,78,75,3.36,CR,1606065392
559,Klaksvík,62.23,-6.59,39.2,86,56,14.99,FO,1606065395
560,Aktau,43.65,51.2,30.2,39,0,13.42,KZ,1606065397
561,Bulawayo,-20.15,28.58,77.31,48,100,6.13,ZW,1606065398
562,Pimentel,-6.84,-79.93,75.2,57,0,16.11,PE,1606065400
563,Baharly,38.44,57.43,40.15,54,99,14.81,TM,1606065401
564,Labuan,5.28,115.24,80.6,88,20,2.24,MY,1606065403
565,Portland,45.52,-122.68,39.99,86,75,8.05,US,1606064678
566,Alofi,-19.06,-169.92,75.2,100,100,3.36,NU,1606065407
567,Chuka,-0.33,37.65,63.63,93,65,3.18,KE,1606065408
568,Rafaela,-31.25,-61.49,91.0,17,0,7.0,AR,1606065410
569,Batticaloa,7.71,81.69,75.85,90,100,16.42,LK,1606065411
570,Avera,33.19,-82.53,69.8,64,90,5.21,US,1606065413
571,Constitución,-35.33,-72.42,65.98,49,96,14.7,CL,1606065414
572,Cherskiy,68.75,161.3,3.83,93,100,4.32,RU,1606065415
573,Haverfordwest,51.8,-4.97,50.0,71,84,10.29,GB,1606065417
574,Lamu,-2.27,40.9,82.4,78,40,9.17,KE,1606065418
575,Naousa,40.63,22.05,52.0,63,36,0.31,GR,1606065421
576,Rosetta,31.4,30.42,68.0,72,40,6.93,EG,1606065423
577,Yalova,40.66,29.28,48.2,87,75,10.29,TR,1606065380
578,Shiyan,32.65,110.78,40.77,86,100,6.96,CN,1606065426
579,Christchurch,-43.53,172.63,46.0,86,94,3.36,NZ,1606065194
580,Al Bardīyah,31.76,25.09,65.75,73,77,13.85,LY,1606065429
581,Nchelenge,-9.35,28.73,76.06,73,52,3.58,ZM,1606065430
582,Batagay,67.63,134.63,-22.92,82,0,1.77,RU,1606065433
583,Vagay,57.94,69.02,14.85,97,27,4.9,RU,1606065434
584,Arkhipo-Osipovka,44.37,38.52,37.74,79,69,9.31,RU,1606065436
585,Vestmannaeyjar,63.44,-20.27,35.6,80,20,4.7,IS,1606065437
586,Erdenet,49.03,104.08,11.39,86,0,4.09,MN,1606065438
587,Mahajanga,-15.72,46.32,84.2,62,40,4.7,MG,1606065440
588,Akçaabat,41.02,39.57,48.2,93,75,16.11,TR,1606065441
589,Saint-Pierre,-21.34,55.48,75.2,73,75,18.34,RE,1606065444
590,Fairlie,55.76,-4.86,44.01,88,77,1.99,GB,1606065272
591,Loikaw,19.67,97.21,61.52,65,91,2.68,MM,1606065447
592,Portobelo,9.55,-79.65,84.99,99,21,1.7,PA,1606065450
593,Ibrā’,22.69,58.53,62.62,61,0,2.44,OM,1606065451
594,Kosa,59.94,55.0,18.63,95,68,11.14,RU,1606065453
595,Pangoa,-12.12,-73.0,89.65,42,52,4.74,PE,1606065454
596,Imeni Zhelyabova,58.95,36.6,32.22,96,95,10.13,RU,1606065455
597,Haines Junction,60.75,-137.51,-13.0,75,100,3.36,CA,1606065457
598,Cockburn Town,21.46,-71.14,78.8,88,75,8.05,TC,1606065458
599,Baoqing,46.33,132.21,7.7,91,0,8.08,CN,1606065460
600,Ballinrobe,53.63,-9.23,48.0,84,68,15.01,IE,1606065461
601,Kovdor,67.57,30.48,33.06,93,100,10.11,RU,1606065462
602,Brand-Erbisdorf,50.87,13.33,45.0,85,100,1.01,DE,1606065464
603,Laureles,26.11,-97.49,82.99,65,20,11.41,US,1606065465
